,Binario
0,"int4: 0000, int8: 00000000, fp16: 0000000000000000"
1,"int4: 0001, int8: 00000001, fp16: 0000000000000001"
2,"int4: 0010, int8: 00000010, fp16: 0000000000000010"
3,"int4: 0011, int8: 00000011, fp16: 0000000000000011"
4,"int4: 0100, int8: 00000100, fp16: 0000000000000100"
5,"int4: 0101, int8: 00000101, fp16: 0000000000000101"
6,"int4: 0110, int8: 00000110, fp16: 0000000000000110"
7,"int4: 0111, int8: 00000111, fp16: 0000000000000111"
8,"int4: 1000, int8: 00001000, fp16: 0000000000001000"
9,"int4: 1001, int8: 00001001, fp16: 0000000000001001"
10,"int4: 1010, int8: 00001010, fp16: 0000000000001010"
11,"int4: 1011, int8: 00001011, fp16: 0000000000001011"
12,"int4: 1100, int8: 00001100, fp16: 0000000000001100"
13,"int4: 1101, int8: 00001101, fp16: 0000000000001101"
14,"int4: 1110, int8: 00001110, fp16: 0000000000001110"
15,"int4: 1111, int8: 00001111, fp16: 0000000000001111"
16,"int4: 10000, int8: 00010000, fp16: 0000000000010000"
17,"int4: 10001, int8: 00010001, fp16: 0000000000010001"
18,"int4: 10010, int8: 00010010, fp16: 0000000000010010"
19,"int4: 10011, int8: 00010011, fp16: 0000000000010011"
20,"int4: 10100, int8: 00010100, fp16: 0000000000010100"
21,"int4: 10101, int8: 00010101, fp16: 0000000000010101"
22,"int4: 10110, int8: 00010110, fp16: 0000000000010110"
23,"int4: 10111, int8: 00010111, fp16: 0000000000010111"
24,"int4: 11000, int8: 00011000, fp16: 0000000000011000"
25,"int4: 11001, int8: 00011001, fp16: 0000000000011001"
26,"int4: 11010, int8: 00011010, fp16: 0000000000011010"
27,"int4: 11011, int8: 00011011, fp16: 0000000000011011"
28,"int4: 11100, int8: 00011100, fp16: 0000000000011100"
29,"int4: 11101, int8: 00011101, fp16: 0000000000011101"
30,"int4: 11110, int8: 00011110, fp16: 0000000000011110"
31,"int4: 11111, int8: 00011111, fp16: 0000000000011111"
32,"int4: 100000, int8: 00100000, fp16: 0000000000100000"
33,"int4: 100001, int8: 00100001, fp16: 0000000000100001"
34,"int4: 100010, int8: 00100010, fp16: 0000000000100010"
35,"int4: 100011, int8: 00100011, fp16: 0000000000100011"
36,"int4: 100100, int8: 00100100, fp16: 0000000000100100"
37,"int4: 100101, int8: 00100101, fp16: 0000000000100101"
38,"int4: 100110, int8: 00100110, fp16: 0000000000100110"
39,"int4: 100111, int8: 00100111, fp16: 0000000000100111"
40,"int4: 101000, int8: 00101000, fp16: 0000000000101000"
41,"int4: 101001, int8: 00101001, fp16: 0000000000101001"
42,"int4: 101010, int8: 00101010, fp16: 0000000000101010"
43,"int4: 101011, int8: 00101011, fp16: 0000000000101011"
44,"int4: 101100, int8: 00101100, fp16: 0000000000101100"
45,"int4: 101101, int8: 00101101, fp16: 0000000000101101"
46,"int4: 101110, int8: 00101110, fp16: 0000000000101110"
47,"int4: 101111, int8: 00101111, fp16: 0000000000101111"
48,"int4: 110000, int8: 00110000, fp16: 0000000000110000"
49,"int4: 110001, int8: 00110001, fp16: 0000000000110001"
50,"int4: 110010, int8: 00110010, fp16: 0000000000110010"
51,"int4: 110011, int8: 00110011, fp16: 0000000000110011"
52,"int4: 110100, int8: 00110100, fp16: 0000000000110100"
53,"int4: 110101, int8: 00110101, fp16: 0000000000110101"
54,"int4: 110110, int8: 00110110, fp16: 0000000000110110"
55,"int4: 110111, int8: 00110111, fp16: 0000000000110111"
56,"int4: 111000, int8: 00111000, fp16: 0000000000111000"
57,"int4: 111001, int8: 00111001, fp16: 0000000000111001"
58,"int4: 111010, int8: 00111010, fp16: 0000000000111010"
59,"int4: 111011, int8: 00111011, fp16: 0000000000111011"
60,"int4: 111100, int8: 00111100, fp16: 0000000000111100"
61,"int4: 111101, int8: 00111101, fp16: 0000000000111101"
62,"int4: 111110, int8: 00111110, fp16: 0000000000111110"
63,"int4: 111111, int8: 00111111, fp16: 0000000000111111"
64,"int4: 1000000, int8: 01000000, fp16: 0000000001000000"
65,"int4: 1000001, int8: 01000001, fp16: 0000000001000001"
66,"int4: 1000010, int8: 01000010, fp16: 0000000001000010"
67,"int4: 1000011, int8: 01000011, fp16: 0000000001000011"
68,"int4: 1000100, int8: 01000100, fp16: 0000000001000100"
69,"int4: 1000101, int8: 01000101, fp16: 0000000001000101"
70,"int4: 1000110, int8: 01000110, fp16: 0000000001000110"
71,"int4: 1000111, int8: 01000111, fp16: 0000000001000111"
72,"int4: 1001000, int8: 01001000, fp16: 0000000001001000"
73,"int4: 1001001, int8: 01001001, fp16: 0000000001001001"
74,"int4: 1001010, int8: 01001010, fp16: 0000000001001010"
75,"int4: 1001011, int8: 01001011, fp16: 0000000001001011"
76,"int4: 1001100, int8: 01001100, fp16: 0000000001001100"
77,"int4: 1001101, int8: 01001101, fp16: 0000000001001101"
78,"int4: 1001110, int8: 01001110, fp16: 0000000001001110"
79,"int4: 1001111, int8: 01001111, fp16: 0000000001001111"
80,"int4: 1010000, int8: 01010000, fp16: 0000000001010000"
81,"int4: 1010001, int8: 01010001, fp16: 0000000001010001"
82,"int4: 1010010, int8: 01010010, fp16: 0000000001010010"
83,"int4: 1010011, int8: 01010011, fp16: 0000000001010011"
84,"int4: 1010100, int8: 01010100, fp16: 0000000001010100"
85,"int4: 1010101, int8: 01010101, fp16: 0000000001010101"
86,"int4: 1010110, int8: 01010110, fp16: 0000000001010110"
87,"int4: 1010111, int8: 01010111, fp16: 0000000001010111"
88,"int4: 1011000, int8: 01011000, fp16: 0000000001011000"
89,"int4: 1011001, int8: 01011001, fp16: 0000000001011001"
90,"int4: 1011010, int8: 01011010, fp16: 0000000001011010"
91,"int4: 1011011, int8: 01011011, fp16: 0000000001011011"
92,"int4: 1011100, int8: 01011100, fp16: 0000000001011100"
93,"int4: 1011101, int8: 01011101, fp16: 0000000001011101"
94,"int4: 1011110, int8: 01011110, fp16: 0000000001011110"
95,"int4: 1011111, int8: 01011111, fp16: 0000000001011111"
96,"int4: 1100000, int8: 01100000, fp16: 0000000001100000"
97,"int4: 1100001, int8: 01100001, fp16: 0000000001100001"
98,"int4: 1100010, int8: 01100010, fp16: 0000000001100010"
99,"int4: 1100011, int8: 01100011, fp16: 0000000001100011"
100,"int4: 1100100, int8: 01100100, fp16: 0000000001100100"
101,"int4: 1100101, int8: 01100101, fp16: 0000000001100101"
102,"int4: 1100110, int8: 01100110, fp16: 0000000001100110"
103,"int4: 1100111, int8: 01100111, fp16: 0000000001100111"
104,"int4: 1101000, int8: 01101000, fp16: 0000000001101000"
105,"int4: 1101001, int8: 01101001, fp16: 0000000001101001"
106,"int4: 1101010, int8: 01101010, fp16: 0000000001101010"
107,"int4: 1101011, int8: 01101011, fp16: 0000000001101011"
108,"int4: 1101100, int8: 01101100, fp16: 0000000001101100"
109,"int4: 1101101, int8: 01101101, fp16: 0000000001101101"
110,"int4: 1101110, int8: 01101110, fp16: 0000000001101110"
111,"int4: 1101111, int8: 01101111, fp16: 0000000001101111"
112,"int4: 1110000, int8: 01110000, fp16: 0000000001110000"
113,"int4: 1110001, int8: 01110001, fp16: 0000000001110001"
114,"int4: 1110010, int8: 01110010, fp16: 0000000001110010"
115,"int4: 1110011, int8: 01110011, fp16: 0000000001110011"
116,"int4: 1110100, int8: 01110100, fp16: 0000000001110100"
117,"int4: 1110101, int8: 01110101, fp16: 0000000001110101"
118,"int4: 1110110, int8: 01110110, fp16: 0000000001110110"
119,"int4: 1110111, int8: 01110111, fp16: 0000000001110111"
120,"int4: 1111000, int8: 01111000, fp16: 0000000001111000"
121,"int4: 1111001, int8: 01111001, fp16: 0000000001111001"
122,"int4: 1111010, int8: 01111010, fp16: 0000000001111010"
123,"int4: 1111011, int8: 01111011, fp16: 0000000001111011"
124,"int4: 1111100, int8: 01111100, fp16: 0000000001111100"
125,"int4: 1111101, int8: 01111101, fp16: 0000000001111101"
126,"int4: 1111110, int8: 01111110, fp16: 0000000001111110"
127,"int4: 1111111, int8: 01111111, fp16: 0000000001111111"
128,"int4: 10000000, int8: 10000000, fp16: 0000000010000000"
129,"int4: 10000001, int8: 10000001, fp16: 0000000010000001"
130,"int4: 10000010, int8: 10000010, fp16: 0000000010000010"
131,"int4: 10000011, int8: 10000011, fp16: 0000000010000011"
132,"int4: 10000100, int8: 10000100, fp16: 0000000010000100"
133,"int4: 10000101, int8: 10000101, fp16: 0000000010000101"
134,"int4: 10000110, int8: 10000110, fp16: 0000000010000110"
135,"int4: 10000111, int8: 10000111, fp16: 0000000010000111"
136,"int4: 10001000, int8: 10001000, fp16: 0000000010001000"
137,"int4: 10001001, int8: 10001001, fp16: 0000000010001001"
138,"int4: 10001010, int8: 10001010, fp16: 0000000010001010"
139,"int4: 10001011, int8: 10001011, fp16: 0000000010001011"
140,"int4: 10001100, int8: 10001100, fp16: 0000000010001100"
141,"int4: 10001101, int8: 10001101, fp16: 0000000010001101"
142,"int4: 10001110, int8: 10001110, fp16: 0000000010001110"
143,"int4: 10001111, int8: 10001111, fp16: 0000000010001111"
144,"int4: 10010000, int8: 10010000, fp16: 0000000010010000"
145,"int4: 10010001, int8: 10010001, fp16: 0000000010010001"
146,"int4: 10010010, int8: 10010010, fp16: 0000000010010010"
147,"int4: 10010011, int8: 10010011, fp16: 0000000010010011"
148,"int4: 10010100, int8: 10010100, fp16: 0000000010010100"
149,"int4: 10010101, int8: 10010101, fp16: 0000000010010101"
150,"int4: 10010110, int8: 10010110, fp16: 0000000010010110"
151,"int4: 10010111, int8: 10010111, fp16: 0000000010010111"
152,"int4: 10011000, int8: 10011000, fp16: 0000000010011000"
153,"int4: 10011001, int8: 10011001, fp16: 0000000010011001"
154,"int4: 10011010, int8: 10011010, fp16: 0000000010011010"
155,"int4: 10011011, int8: 10011011, fp16: 0000000010011011"
156,"int4: 10011100, int8: 10011100, fp16: 0000000010011100"
157,"int4: 10011101, int8: 10011101, fp16: 0000000010011101"
158,"int4: 10011110, int8: 10011110, fp16: 0000000010011110"
159,"int4: 10011111, int8: 10011111, fp16: 0000000010011111"
160,"int4: 10100000, int8: 10100000, fp16: 0000000010100000"
161,"int4: 10100001, int8: 10100001, fp16: 0000000010100001"
162,"int4: 10100010, int8: 10100010, fp16: 0000000010100010"
163,"int4: 10100011, int8: 10100011, fp16: 0000000010100011"
164,"int4: 10100100, int8: 10100100, fp16: 0000000010100100"
165,"int4: 10100101, int8: 10100101, fp16: 0000000010100101"
166,"int4: 10100110, int8: 10100110, fp16: 0000000010100110"
167,"int4: 10100111, int8: 10100111, fp16: 0000000010100111"
168,"int4: 10101000, int8: 10101000, fp16: 0000000010101000"
169,"int4: 10101001, int8: 10101001, fp16: 0000000010101001"
170,"int4: 10101010, int8: 10101010, fp16: 0000000010101010"
171,"int4: 10101011, int8: 10101011, fp16: 0000000010101011"
172,"int4: 10101100, int8: 10101100, fp16: 0000000010101100"
173,"int4: 10101101, int8: 10101101, fp16: 0000000010101101"
174,"int4: 10101110, int8: 10101110, fp16: 0000000010101110"
175,"int4: 10101111, int8: 10101111, fp16: 0000000010101111"
176,"int4: 10110000, int8: 10110000, fp16: 0000000010110000"
177,"int4: 10110001, int8: 10110001, fp16: 0000000010110001"
178,"int4: 10110010, int8: 10110010, fp16: 0000000010110010"
179,"int4: 10110011, int8: 10110011, fp16: 0000000010110011"
180,"int4: 10110100, int8: 10110100, fp16: 0000000010110100"
181,"int4: 10110101, int8: 10110101, fp16: 0000000010110101"
182,"int4: 10110110, int8: 10110110, fp16: 0000000010110110"
183,"int4: 10110111, int8: 10110111, fp16: 0000000010110111"
184,"int4: 10111000, int8: 10111000, fp16: 0000000010111000"
185,"int4: 10111001, int8: 10111001, fp16: 0000000010111001"
186,"int4: 10111010, int8: 10111010, fp16: 0000000010111010"
187,"int4: 10111011, int8: 10111011, fp16: 0000000010111011"
188,"int4: 10111100, int8: 10111100, fp16: 0000000010111100"
189,"int4: 10111101, int8: 10111101, fp16: 0000000010111101"
190,"int4: 10111110, int8: 10111110, fp16: 0000000010111110"
191,"int4: 10111111, int8: 10111111, fp16: 0000000010111111"
192,"int4: 11000000, int8: 11000000, fp16: 0000000011000000"
193,"int4: 11000001, int8: 11000001, fp16: 0000000011000001"
194,"int4: 11000010, int8: 11000010, fp16: 0000000011000010"
195,"int4: 11000011, int8: 11000011, fp16: 0000000011000011"
196,"int4: 11000100, int8: 11000100, fp16: 0000000011000100"
197,"int4: 11000101, int8: 11000101, fp16: 0000000011000101"
198,"int4: 11000110, int8: 11000110, fp16: 0000000011000110"
199,"int4: 11000111, int8: 11000111, fp16: 0000000011000111"
200,"int4: 11001000, int8: 11001000, fp16: 0000000011001000"
201,"int4: 11001001, int8: 11001001, fp16: 0000000011001001"
202,"int4: 11001010, int8: 11001010, fp16: 0000000011001010"
203,"int4: 11001011, int8: 11001011, fp16: 0000000011001011"
204,"int4: 11001100, int8: 11001100, fp16: 0000000011001100"
205,"int4: 11001101, int8: 11001101, fp16: 0000000011001101"
206,"int4: 11001110, int8: 11001110, fp16: 0000000011001110"
207,"int4: 11001111, int8: 11001111, fp16: 0000000011001111"
208,"int4: 11010000, int8: 11010000, fp16: 0000000011010000"
209,"int4: 11010001, int8: 11010001, fp16: 0000000011010001"
210,"int4: 11010010, int8: 11010010, fp16: 0000000011010010"
211,"int4: 11010011, int8: 11010011, fp16: 0000000011010011"
212,"int4: 11010100, int8: 11010100, fp16: 0000000011010100"
213,"int4: 11010101, int8: 11010101, fp16: 0000000011010101"
214,"int4: 11010110, int8: 11010110, fp16: 0000000011010110"
215,"int4: 11010111, int8: 11010111, fp16: 0000000011010111"
216,"int4: 11011000, int8: 11011000, fp16: 0000000011011000"
217,"int4: 11011001, int8: 11011001, fp16: 0000000011011001"
218,"int4: 11011010, int8: 11011010, fp16: 0000000011011010"
219,"int4: 11011011, int8: 11011011, fp16: 0000000011011011"
220,"int4: 11011100, int8: 11011100, fp16: 0000000011011100"
221,"int4: 11011101, int8: 11011101, fp16: 0000000011011101"
222,"int4: 11011110, int8: 11011110, fp16: 0000000011011110"
223,"int4: 11011111, int8: 11011111, fp16: 0000000011011111"
224,"int4: 11100000, int8: 11100000, fp16: 0000000011100000"
225,"int4: 11100001, int8: 11100001, fp16: 0000000011100001"
226,"int4: 11100010, int8: 11100010, fp16: 0000000011100010"
227,"int4: 11100011, int8: 11100011, fp16: 0000000011100011"
228,"int4: 11100100, int8: 11100100, fp16: 0000000011100100"
229,"int4: 11100101, int8: 11100101, fp16: 0000000011100101"
230,"int4: 11100110, int8: 11100110, fp16: 0000000011100110"
231,"int4: 11100111, int8: 11100111, fp16: 0000000011100111"
232,"int4: 11101000, int8: 11101000, fp16: 0000000011101000"
233,"int4: 11101001, int8: 11101001, fp16: 0000000011101001"
234,"int4: 11101010, int8: 11101010, fp16: 0000000011101010"
235,"int4: 11101011, int8: 11101011, fp16: 0000000011101011"
236,"int4: 11101100, int8: 11101100, fp16: 0000000011101100"
237,"int4: 11101101, int8: 11101101, fp16: 0000000011101101"
238,"int4: 11101110, int8: 11101110, fp16: 0000000011101110"
239,"int4: 11101111, int8: 11101111, fp16: 0000000011101111"
240,"int4: 11110000, int8: 11110000, fp16: 0000000011110000"
241,"int4: 11110001, int8: 11110001, fp16: 0000000011110001"
242,"int4: 11110010, int8: 11110010, fp16: 0000000011110010"
243,"int4: 11110011, int8: 11110011, fp16: 0000000011110011"
244,"int4: 11110100, int8: 11110100, fp16: 0000000011110100"
245,"int4: 11110101, int8: 11110101, fp16: 0000000011110101"
246,"int4: 11110110, int8: 11110110, fp16: 0000000011110110"
247,"int4: 11110111, int8: 11110111, fp16: 0000000011110111"
248,"int4: 11111000, int8: 11111000, fp16: 0000000011111000"
249,"int4: 11111001, int8: 11111001, fp16: 0000000011111001"
250,"int4: 11111010, int8: 11111010, fp16: 0000000011111010"
251,"int4: 11111011, int8: 11111011, fp16: 0000000011111011"
252,"int4: 11111100, int8: 11111100, fp16: 0000000011111100"
253,"int4: 11111101, int8: 11111101, fp16: 0000000011111101"
254,"int4: 11111110, int8: 11111110, fp16: 0000000011111110"
255,"int4: 11111111, int8: 11111111, fp16: 0000000011111111"
256,"int4: 100000000, int8: 100000000, fp16: 0000000100000000"
257,"int4: 100000001, int8: 100000001, fp16: 0000000100000001"
258,"int4: 100000010, int8: 100000010, fp16: 0000000100000010"
259,"int4: 100000011, int8: 100000011, fp16: 0000000100000011"
260,"int4: 100000100, int8: 100000100, fp16: 0000000100000100"
261,"int4: 100000101, int8: 100000101, fp16: 0000000100000101"
262,"int4: 100000110, int8: 100000110, fp16: 0000000100000110"
263,"int4: 100000111, int8: 100000111, fp16: 0000000100000111"
264,"int4: 100001000, int8: 100001000, fp16: 0000000100001000"
265,"int4: 100001001, int8: 100001001, fp16: 0000000100001001"
266,"int4: 100001010, int8: 100001010, fp16: 0000000100001010"
267,"int4: 100001011, int8: 100001011, fp16: 0000000100001011"
268,"int4: 100001100, int8: 100001100, fp16: 0000000100001100"
269,"int4: 100001101, int8: 100001101, fp16: 0000000100001101"
270,"int4: 100001110, int8: 100001110, fp16: 0000000100001110"
271,"int4: 100001111, int8: 100001111, fp16: 0000000100001111"
272,"int4: 100010000, int8: 100010000, fp16: 0000000100010000"
273,"int4: 100010001, int8: 100010001, fp16: 0000000100010001"
274,"int4: 100010010, int8: 100010010, fp16: 0000000100010010"
275,"int4: 100010011, int8: 100010011, fp16: 0000000100010011"
276,"int4: 100010100, int8: 100010100, fp16: 0000000100010100"
277,"int4: 100010101, int8: 100010101, fp16: 0000000100010101"
278,"int4: 100010110, int8: 100010110, fp16: 0000000100010110"
279,"int4: 100010111, int8: 100010111, fp16: 0000000100010111"
280,"int4: 100011000, int8: 100011000, fp16: 0000000100011000"
281,"int4: 100011001, int8: 100011001, fp16: 0000000100011001"
282,"int4: 100011010, int8: 100011010, fp16: 0000000100011010"
283,"int4: 100011011, int8: 100011011, fp16: 0000000100011011"
284,"int4: 100011100, int8: 100011100, fp16: 0000000100011100"
285,"int4: 100011101, int8: 100011101, fp16: 0000000100011101"
286,"int4: 100011110, int8: 100011110, fp16: 0000000100011110"
287,"int4: 100011111, int8: 100011111, fp16: 0000000100011111"
288,"int4: 100100000, int8: 100100000, fp16: 0000000100100000"
289,"int4: 100100001, int8: 100100001, fp16: 0000000100100001"
290,"int4: 100100010, int8: 100100010, fp16: 0000000100100010"
291,"int4: 100100011, int8: 100100011, fp16: 0000000100100011"
292,"int4: 100100100, int8: 100100100, fp16: 0000000100100100"
293,"int4: 100100101, int8: 100100101, fp16: 0000000100100101"
294,"int4: 100100110, int8: 100100110, fp16: 0000000100100110"
295,"int4: 100100111, int8: 100100111, fp16: 0000000100100111"
296,"int4: 100101000, int8: 100101000, fp16: 0000000100101000"
297,"int4: 100101001, int8: 100101001, fp16: 0000000100101001"
298,"int4: 100101010, int8: 100101010, fp16: 0000000100101010"
299,"int4: 100101011, int8: 100101011, fp16: 0000000100101011"
300,"int4: 100101100, int8: 100101100, fp16: 0000000100101100"
301,"int4: 100101101, int8: 100101101, fp16: 0000000100101101"
302,"int4: 100101110, int8: 100101110, fp16: 0000000100101110"
303,"int4: 100101111, int8: 100101111, fp16: 0000000100101111"
304,"int4: 100110000, int8: 100110000, fp16: 0000000100110000"
305,"int4: 100110001, int8: 100110001, fp16: 0000000100110001"
306,"int4: 100110010, int8: 100110010, fp16: 0000000100110010"
307,"int4: 100110011, int8: 100110011, fp16: 0000000100110011"
308,"int4: 100110100, int8: 100110100, fp16: 0000000100110100"
309,"int4: 100110101, int8: 100110101, fp16: 0000000100110101"
310,"int4: 100110110, int8: 100110110, fp16: 0000000100110110"
311,"int4: 100110111, int8: 100110111, fp16: 0000000100110111"
312,"int4: 100111000, int8: 100111000, fp16: 0000000100111000"
313,"int4: 100111001, int8: 100111001, fp16: 0000000100111001"
314,"int4: 100111010, int8: 100111010, fp16: 0000000100111010"
315,"int4: 100111011, int8: 100111011, fp16: 0000000100111011"
316,"int4: 100111100, int8: 100111100, fp16: 0000000100111100"
317,"int4: 100111101, int8: 100111101, fp16: 0000000100111101"
318,"int4: 100111110, int8: 100111110, fp16: 0000000100111110"
319,"int4: 100111111, int8: 100111111, fp16: 0000000100111111"
320,"int4: 101000000, int8: 101000000, fp16: 0000000101000000"
321,"int4: 101000001, int8: 101000001, fp16: 0000000101000001"
322,"int4: 101000010, int8: 101000010, fp16: 0000000101000010"
323,"int4: 101000011, int8: 101000011, fp16: 0000000101000011"
324,"int4: 101000100, int8: 101000100, fp16: 0000000101000100"
325,"int4: 101000101, int8: 101000101, fp16: 0000000101000101"
326,"int4: 101000110, int8: 101000110, fp16: 0000000101000110"
327,"int4: 101000111, int8: 101000111, fp16: 0000000101000111"
328,"int4: 101001000, int8: 101001000, fp16: 0000000101001000"
329,"int4: 101001001, int8: 101001001, fp16: 0000000101001001"
330,"int4: 101001010, int8: 101001010, fp16: 0000000101001010"
331,"int4: 101001011, int8: 101001011, fp16: 0000000101001011"
332,"int4: 101001100, int8: 101001100, fp16: 0000000101001100"
333,"int4: 101001101, int8: 101001101, fp16: 0000000101001101"
334,"int4: 101001110, int8: 101001110, fp16: 0000000101001110"
335,"int4: 101001111, int8: 101001111, fp16: 0000000101001111"
336,"int4: 101010000, int8: 101010000, fp16: 0000000101010000"
337,"int4: 101010001, int8: 101010001, fp16: 0000000101010001"
338,"int4: 101010010, int8: 101010010, fp16: 0000000101010010"
339,"int4: 101010011, int8: 101010011, fp16: 0000000101010011"
340,"int4: 101010100, int8: 101010100, fp16: 0000000101010100"
341,"int4: 101010101, int8: 101010101, fp16: 0000000101010101"
342,"int4: 101010110, int8: 101010110, fp16: 0000000101010110"
343,"int4: 101010111, int8: 101010111, fp16: 0000000101010111"
344,"int4: 101011000, int8: 101011000, fp16: 0000000101011000"
345,"int4: 101011001, int8: 101011001, fp16: 0000000101011001"
346,"int4: 101011010, int8: 101011010, fp16: 0000000101011010"
347,"int4: 101011011, int8: 101011011, fp16: 0000000101011011"
348,"int4: 101011100, int8: 101011100, fp16: 0000000101011100"
349,"int4: 101011101, int8: 101011101, fp16: 0000000101011101"
350,"int4: 101011110, int8: 101011110, fp16: 0000000101011110"
351,"int4: 101011111, int8: 101011111, fp16: 0000000101011111"
352,"int4: 101100000, int8: 101100000, fp16: 0000000101100000"
353,"int4: 101100001, int8: 101100001, fp16: 0000000101100001"
354,"int4: 101100010, int8: 101100010, fp16: 0000000101100010"
355,"int4: 101100011, int8: 101100011, fp16: 0000000101100011"
356,"int4: 101100100, int8: 101100100, fp16: 0000000101100100"
357,"int4: 101100101, int8: 101100101, fp16: 0000000101100101"
358,"int4: 101100110, int8: 101100110, fp16: 0000000101100110"
359,"int4: 101100111, int8: 101100111, fp16: 0000000101100111"
360,"int4: 101101000, int8: 101101000, fp16: 0000000101101000"
361,"int4: 101101001, int8: 101101001, fp16: 0000000101101001"
362,"int4: 101101010, int8: 101101010, fp16: 0000000101101010"
363,"int4: 101101011, int8: 101101011, fp16: 0000000101101011"
364,"int4: 101101100, int8: 101101100, fp16: 0000000101101100"
365,"int4: 101101101, int8: 101101101, fp16: 0000000101101101"
366,"int4: 101101110, int8: 101101110, fp16: 0000000101101110"
367,"int4: 101101111, int8: 101101111, fp16: 0000000101101111"
368,"int4: 101110000, int8: 101110000, fp16: 0000000101110000"
369,"int4: 101110001, int8: 101110001, fp16: 0000000101110001"
370,"int4: 101110010, int8: 101110010, fp16: 0000000101110010"
371,"int4: 101110011, int8: 101110011, fp16: 0000000101110011"
372,"int4: 101110100, int8: 101110100, fp16: 0000000101110100"
373,"int4: 101110101, int8: 101110101, fp16: 0000000101110101"
374,"int4: 101110110, int8: 101110110, fp16: 0000000101110110"
375,"int4: 101110111, int8: 101110111, fp16: 0000000101110111"
376,"int4: 101111000, int8: 101111000, fp16: 0000000101111000"
377,"int4: 101111001, int8: 101111001, fp16: 0000000101111001"
378,"int4: 101111010, int8: 101111010, fp16: 0000000101111010"
379,"int4: 101111011, int8: 101111011, fp16: 0000000101111011"
380,"int4: 101111100, int8: 101111100, fp16: 0000000101111100"
381,"int4: 101111101, int8: 101111101, fp16: 0000000101111101"
382,"int4: 101111110, int8: 101111110, fp16: 0000000101111110"
383,"int4: 101111111, int8: 101111111, fp16: 0000000101111111"
384,"int4: 110000000, int8: 110000000, fp16: 0000000110000000"
385,"int4: 110000001, int8: 110000001, fp16: 0000000110000001"
386,"int4: 110000010, int8: 110000010, fp16: 0000000110000010"
387,"int4: 110000011, int8: 110000011, fp16: 0000000110000011"
388,"int4: 110000100, int8: 110000100, fp16: 0000000110000100"
389,"int4: 110000101, int8: 110000101, fp16: 0000000110000101"
390,"int4: 110000110, int8: 110000110, fp16: 0000000110000110"
391,"int4: 110000111, int8: 110000111, fp16: 0000000110000111"
392,"int4: 110001000, int8: 110001000, fp16: 0000000110001000"
393,"int4: 110001001, int8: 110001001, fp16: 0000000110001001"
394,"int4: 110001010, int8: 110001010, fp16: 0000000110001010"
395,"int4: 110001011, int8: 110001011, fp16: 0000000110001011"
396,"int4: 110001100, int8: 110001100, fp16: 0000000110001100"
397,"int4: 110001101, int8: 110001101, fp16: 0000000110001101"
398,"int4: 110001110, int8: 110001110, fp16: 0000000110001110"
399,"int4: 110001111, int8: 110001111, fp16: 0000000110001111"
400,"int4: 110010000, int8: 110010000, fp16: 0000000110010000"
401,"int4: 110010001, int8: 110010001, fp16: 0000000110010001"
402,"int4: 110010010, int8: 110010010, fp16: 0000000110010010"
403,"int4: 110010011, int8: 110010011, fp16: 0000000110010011"
404,"int4: 110010100, int8: 110010100, fp16: 0000000110010100"
405,"int4: 110010101, int8: 110010101, fp16: 0000000110010101"
406,"int4: 110010110, int8: 110010110, fp16: 0000000110010110"
407,"int4: 110010111, int8: 110010111, fp16: 0000000110010111"
408,"int4: 110011000, int8: 110011000, fp16: 0000000110011000"
409,"int4: 110011001, int8: 110011001, fp16: 0000000110011001"
410,"int4: 110011010, int8: 110011010, fp16: 0000000110011010"
411,"int4: 110011011, int8: 110011011, fp16: 0000000110011011"
412,"int4: 110011100, int8: 110011100, fp16: 0000000110011100"
413,"int4: 110011101, int8: 110011101, fp16: 0000000110011101"
414,"int4: 110011110, int8: 110011110, fp16: 0000000110011110"
415,"int4: 110011111, int8: 110011111, fp16: 0000000110011111"
416,"int4: 110100000, int8: 110100000, fp16: 0000000110100000"
417,"int4: 110100001, int8: 110100001, fp16: 0000000110100001"
418,"int4: 110100010, int8: 110100010, fp16: 0000000110100010"
419,"int4: 110100011, int8: 110100011, fp16: 0000000110100011"
420,"int4: 110100100, int8: 110100100, fp16: 0000000110100100"
421,"int4: 110100101, int8: 110100101, fp16: 0000000110100101"
422,"int4: 110100110, int8: 110100110, fp16: 0000000110100110"
423,"int4: 110100111, int8: 110100111, fp16: 0000000110100111"
424,"int4: 110101000, int8: 110101000, fp16: 0000000110101000"
425,"int4: 110101001, int8: 110101001, fp16: 0000000110101001"
426,"int4: 110101010, int8: 110101010, fp16: 0000000110101010"
427,"int4: 110101011, int8: 110101011, fp16: 0000000110101011"
428,"int4: 110101100, int8: 110101100, fp16: 0000000110101100"
429,"int4: 110101101, int8: 110101101, fp16: 0000000110101101"
430,"int4: 110101110, int8: 110101110, fp16: 0000000110101110"
431,"int4: 110101111, int8: 110101111, fp16: 0000000110101111"
432,"int4: 110110000, int8: 110110000, fp16: 0000000110110000"
433,"int4: 110110001, int8: 110110001, fp16: 0000000110110001"
434,"int4: 110110010, int8: 110110010, fp16: 0000000110110010"
435,"int4: 110110011, int8: 110110011, fp16: 0000000110110011"
436,"int4: 110110100, int8: 110110100, fp16: 0000000110110100"
437,"int4: 110110101, int8: 110110101, fp16: 0000000110110101"
438,"int4: 110110110, int8: 110110110, fp16: 0000000110110110"
439,"int4: 110110111, int8: 110110111, fp16: 0000000110110111"
440,"int4: 110111000, int8: 110111000, fp16: 0000000110111000"
441,"int4: 110111001, int8: 110111001, fp16: 0000000110111001"
442,"int4: 110111010, int8: 110111010, fp16: 0000000110111010"
443,"int4: 110111011, int8: 110111011, fp16: 0000000110111011"
444,"int4: 110111100, int8: 110111100, fp16: 0000000110111100"
445,"int4: 110111101, int8: 110111101, fp16: 0000000110111101"
446,"int4: 110111110, int8: 110111110, fp16: 0000000110111110"
447,"int4: 110111111, int8: 110111111, fp16: 0000000110111111"
448,"int4: 111000000, int8: 111000000, fp16: 0000000111000000"
449,"int4: 111000001, int8: 111000001, fp16: 0000000111000001"
450,"int4: 111000010, int8: 111000010, fp16: 0000000111000010"
451,"int4: 111000011, int8: 111000011, fp16: 0000000111000011"
452,"int4: 111000100, int8: 111000100, fp16: 0000000111000100"
453,"int4: 111000101, int8: 111000101, fp16: 0000000111000101"
454,"int4: 111000110, int8: 111000110, fp16: 0000000111000110"
455,"int4: 111000111, int8: 111000111, fp16: 0000000111000111"
456,"int4: 111001000, int8: 111001000, fp16: 0000000111001000"
457,"int4: 111001001, int8: 111001001, fp16: 0000000111001001"
458,"int4: 111001010, int8: 111001010, fp16: 0000000111001010"
459,"int4: 111001011, int8: 111001011, fp16: 0000000111001011"
460,"int4: 111001100, int8: 111001100, fp16: 0000000111001100"
461,"int4: 111001101, int8: 111001101, fp16: 0000000111001101"
462,"int4: 111001110, int8: 111001110, fp16: 0000000111001110"
463,"int4: 111001111, int8: 111001111, fp16: 0000000111001111"
464,"int4: 111010000, int8: 111010000, fp16: 0000000111010000"
465,"int4: 111010001, int8: 111010001, fp16: 0000000111010001"
466,"int4: 111010010, int8: 111010010, fp16: 0000000111010010"
467,"int4: 111010011, int8: 111010011, fp16: 0000000111010011"
468,"int4: 111010100, int8: 111010100, fp16: 0000000111010100"
469,"int4: 111010101, int8: 111010101, fp16: 0000000111010101"
470,"int4: 111010110, int8: 111010110, fp16: 0000000111010110"
471,"int4: 111010111, int8: 111010111, fp16: 0000000111010111"
472,"int4: 111011000, int8: 111011000, fp16: 0000000111011000"
473,"int4: 111011001, int8: 111011001, fp16: 0000000111011001"
474,"int4: 111011010, int8: 111011010, fp16: 0000000111011010"
475,"int4: 111011011, int8: 111011011, fp16: 0000000111011011"
476,"int4: 111011100, int8: 111011100, fp16: 0000000111011100"
477,"int4: 111011101, int8: 111011101, fp16: 0000000111011101"
478,"int4: 111011110, int8: 111011110, fp16: 0000000111011110"
479,"int4: 111011111, int8: 111011111, fp16: 0000000111011111"
480,"int4: 111100000, int8: 111100000, fp16: 0000000111100000"
481,"int4: 111100001, int8: 111100001, fp16: 0000000111100001"
482,"int4: 111100010, int8: 111100010, fp16: 0000000111100010"
483,"int4: 111100011, int8: 111100011, fp16: 0000000111100011"
484,"int4: 111100100, int8: 111100100, fp16: 0000000111100100"
485,"int4: 111100101, int8: 111100101, fp16: 0000000111100101"
486,"int4: 111100110, int8: 111100110, fp16: 0000000111100110"
487,"int4: 111100111, int8: 111100111, fp16: 0000000111100111"
488,"int4: 111101000, int8: 111101000, fp16: 0000000111101000"
489,"int4: 111101001, int8: 111101001, fp16: 0000000111101001"
490,"int4: 111101010, int8: 111101010, fp16: 0000000111101010"
491,"int4: 111101011, int8: 111101011, fp16: 0000000111101011"
492,"int4: 111101100, int8: 111101100, fp16: 0000000111101100"
493,"int4: 111101101, int8: 111101101, fp16: 0000000111101101"
494,"int4: 111101110, int8: 111101110, fp16: 0000000111101110"
495,"int4: 111101111, int8: 111101111, fp16: 0000000111101111"
496,"int4: 111110000, int8: 111110000, fp16: 0000000111110000"
497,"int4: 111110001, int8: 111110001, fp16: 0000000111110001"
498,"int4: 111110010, int8: 111110010, fp16: 0000000111110010"
499,"int4: 111110011, int8: 111110011, fp16: 0000000111110011"
500,"int4: 111110100, int8: 111110100, fp16: 0000000111110100"
501,"int4: 111110101, int8: 111110101, fp16: 0000000111110101"
502,"int4: 111110110, int8: 111110110, fp16: 0000000111110110"
503,"int4: 111110111, int8: 111110111, fp16: 0000000111110111"
504,"int4: 111111000, int8: 111111000, fp16: 0000000111111000"
505,"int4: 111111001, int8: 111111001, fp16: 0000000111111001"
506,"int4: 111111010, int8: 111111010, fp16: 0000000111111010"
507,"int4: 111111011, int8: 111111011, fp16: 0000000111111011"
508,"int4: 111111100, int8: 111111100, fp16: 0000000111111100"
509,"int4: 111111101, int8: 111111101, fp16: 0000000111111101"
510,"int4: 111111110, int8: 111111110, fp16: 0000000111111110"
511,"int4: 111111111, int8: 111111111, fp16: 0000000111111111"
512,"int4: 1000000000, int8: 1000000000, fp16: 0000001000000000"
513,"int4: 1000000001, int8: 1000000001, fp16: 0000001000000001"
514,"int4: 1000000010, int8: 1000000010, fp16: 0000001000000010"
515,"int4: 1000000011, int8: 1000000011, fp16: 0000001000000011"
516,"int4: 1000000100, int8: 1000000100, fp16: 0000001000000100"
517,"int4: 1000000101, int8: 1000000101, fp16: 0000001000000101"
518,"int4: 1000000110, int8: 1000000110, fp16: 0000001000000110"
519,"int4: 1000000111, int8: 1000000111, fp16: 0000001000000111"
520,"int4: 1000001000, int8: 1000001000, fp16: 0000001000001000"
521,"int4: 1000001001, int8: 1000001001, fp16: 0000001000001001"
522,"int4: 1000001010, int8: 1000001010, fp16: 0000001000001010"
523,"int4: 1000001011, int8: 1000001011, fp16: 0000001000001011"
524,"int4: 1000001100, int8: 1000001100, fp16: 0000001000001100"
525,"int4: 1000001101, int8: 1000001101, fp16: 0000001000001101"
526,"int4: 1000001110, int8: 1000001110, fp16: 0000001000001110"
527,"int4: 1000001111, int8: 1000001111, fp16: 0000001000001111"
528,"int4: 1000010000, int8: 1000010000, fp16: 0000001000010000"
529,"int4: 1000010001, int8: 1000010001, fp16: 0000001000010001"
530,"int4: 1000010010, int8: 1000010010, fp16: 0000001000010010"
531,"int4: 1000010011, int8: 1000010011, fp16: 0000001000010011"
532,"int4: 1000010100, int8: 1000010100, fp16: 0000001000010100"
533,"int4: 1000010101, int8: 1000010101, fp16: 0000001000010101"
534,"int4: 1000010110, int8: 1000010110, fp16: 0000001000010110"
535,"int4: 1000010111, int8: 1000010111, fp16: 0000001000010111"
536,"int4: 1000011000, int8: 1000011000, fp16: 0000001000011000"
537,"int4: 1000011001, int8: 1000011001, fp16: 0000001000011001"
538,"int4: 1000011010, int8: 1000011010, fp16: 0000001000011010"
539,"int4: 1000011011, int8: 1000011011, fp16: 0000001000011011"
540,"int4: 1000011100, int8: 1000011100, fp16: 0000001000011100"
541,"int4: 1000011101, int8: 1000011101, fp16: 0000001000011101"
542,"int4: 1000011110, int8: 1000011110, fp16: 0000001000011110"
543,"int4: 1000011111, int8: 1000011111, fp16: 0000001000011111"
544,"int4: 1000100000, int8: 1000100000, fp16: 0000001000100000"
545,"int4: 1000100001, int8: 1000100001, fp16: 0000001000100001"
546,"int4: 1000100010, int8: 1000100010, fp16: 0000001000100010"
547,"int4: 1000100011, int8: 1000100011, fp16: 0000001000100011"
548,"int4: 1000100100, int8: 1000100100, fp16: 0000001000100100"
549,"int4: 1000100101, int8: 1000100101, fp16: 0000001000100101"
550,"int4: 1000100110, int8: 1000100110, fp16: 0000001000100110"
551,"int4: 1000100111, int8: 1000100111, fp16: 0000001000100111"
552,"int4: 1000101000, int8: 1000101000, fp16: 0000001000101000"
553,"int4: 1000101001, int8: 1000101001, fp16: 0000001000101001"
554,"int4: 1000101010, int8: 1000101010, fp16: 0000001000101010"
555,"int4: 1000101011, int8: 1000101011, fp16: 0000001000101011"
556,"int4: 1000101100, int8: 1000101100, fp16: 0000001000101100"
557,"int4: 1000101101, int8: 1000101101, fp16: 0000001000101101"
558,"int4: 1000101110, int8: 1000101110, fp16: 0000001000101110"
559,"int4: 1000101111, int8: 1000101111, fp16: 0000001000101111"
560,"int4: 1000110000, int8: 1000110000, fp16: 0000001000110000"
561,"int4: 1000110001, int8: 1000110001, fp16: 0000001000110001"
562,"int4: 1000110010, int8: 1000110010, fp16: 0000001000110010"
563,"int4: 1000110011, int8: 1000110011, fp16: 0000001000110011"
564,"int4: 1000110100, int8: 1000110100, fp16: 0000001000110100"
565,"int4: 1000110101, int8: 1000110101, fp16: 0000001000110101"
566,"int4: 1000110110, int8: 1000110110, fp16: 0000001000110110"
567,"int4: 1000110111, int8: 1000110111, fp16: 0000001000110111"
568,"int4: 1000111000, int8: 1000111000, fp16: 0000001000111000"
569,"int4: 1000111001, int8: 1000111001, fp16: 0000001000111001"
570,"int4: 1000111010, int8: 1000111010, fp16: 0000001000111010"
571,"int4: 1000111011, int8: 1000111011, fp16: 0000001000111011"
572,"int4: 1000111100, int8: 1000111100, fp16: 0000001000111100"
573,"int4: 1000111101, int8: 1000111101, fp16: 0000001000111101"
574,"int4: 1000111110, int8: 1000111110, fp16: 0000001000111110"
575,"int4: 1000111111, int8: 1000111111, fp16: 0000001000111111"
576,"int4: 1001000000, int8: 1001000000, fp16: 0000001001000000"
577,"int4: 1001000001, int8: 1001000001, fp16: 0000001001000001"
578,"int4: 1001000010, int8: 1001000010, fp16: 0000001001000010"
579,"int4: 1001000011, int8: 1001000011, fp16: 0000001001000011"
580,"int4: 1001000100, int8: 1001000100, fp16: 0000001001000100"
581,"int4: 1001000101, int8: 1001000101, fp16: 0000001001000101"
582,"int4: 1001000110, int8: 1001000110, fp16: 0000001001000110"
583,"int4: 1001000111, int8: 1001000111, fp16: 0000001001000111"
584,"int4: 1001001000, int8: 1001001000, fp16: 0000001001001000"
585,"int4: 1001001001, int8: 1001001001, fp16: 0000001001001001"
586,"int4: 1001001010, int8: 1001001010, fp16: 0000001001001010"
587,"int4: 1001001011, int8: 1001001011, fp16: 0000001001001011"
588,"int4: 1001001100, int8: 1001001100, fp16: 0000001001001100"
589,"int4: 1001001101, int8: 1001001101, fp16: 0000001001001101"
590,"int4: 1001001110, int8: 1001001110, fp16: 0000001001001110"
591,"int4: 1001001111, int8: 1001001111, fp16: 0000001001001111"
592,"int4: 1001010000, int8: 1001010000, fp16: 0000001001010000"
593,"int4: 1001010001, int8: 1001010001, fp16: 0000001001010001"
594,"int4: 1001010010, int8: 1001010010, fp16: 0000001001010010"
595,"int4: 1001010011, int8: 1001010011, fp16: 0000001001010011"
596,"int4: 1001010100, int8: 1001010100, fp16: 0000001001010100"
597,"int4: 1001010101, int8: 1001010101, fp16: 0000001001010101"
598,"int4: 1001010110, int8: 1001010110, fp16: 0000001001010110"
599,"int4: 1001010111, int8: 1001010111, fp16: 0000001001010111"
600,"int4: 1001011000, int8: 1001011000, fp16: 0000001001011000"
601,"int4: 1001011001, int8: 1001011001, fp16: 0000001001011001"
602,"int4: 1001011010, int8: 1001011010, fp16: 0000001001011010"
603,"int4: 1001011011, int8: 1001011011, fp16: 0000001001011011"
604,"int4: 1001011100, int8: 1001011100, fp16: 0000001001011100"
605,"int4: 1001011101, int8: 1001011101, fp16: 0000001001011101"
606,"int4: 1001011110, int8: 1001011110, fp16: 0000001001011110"
607,"int4: 1001011111, int8: 1001011111, fp16: 0000001001011111"
608,"int4: 1001100000, int8: 1001100000, fp16: 0000001001100000"
609,"int4: 1001100001, int8: 1001100001, fp16: 0000001001100001"
610,"int4: 1001100010, int8: 1001100010, fp16: 0000001001100010"
611,"int4: 1001100011, int8: 1001100011, fp16: 0000001001100011"
612,"int4: 1001100100, int8: 1001100100, fp16: 0000001001100100"
613,"int4: 1001100101, int8: 1001100101, fp16: 0000001001100101"
614,"int4: 1001100110, int8: 1001100110, fp16: 0000001001100110"
615,"int4: 1001100111, int8: 1001100111, fp16: 0000001001100111"
616,"int4: 1001101000, int8: 1001101000, fp16: 0000001001101000"
617,"int4: 1001101001, int8: 1001101001, fp16: 0000001001101001"
618,"int4: 1001101010, int8: 1001101010, fp16: 0000001001101010"
619,"int4: 1001101011, int8: 1001101011, fp16: 0000001001101011"
620,"int4: 1001101100, int8: 1001101100, fp16: 0000001001101100"
621,"int4: 1001101101, int8: 1001101101, fp16: 0000001001101101"
622,"int4: 1001101110, int8: 1001101110, fp16: 0000001001101110"
623,"int4: 1001101111, int8: 1001101111, fp16: 0000001001101111"
624,"int4: 1001110000, int8: 1001110000, fp16: 0000001001110000"
625,"int4: 1001110001, int8: 1001110001, fp16: 0000001001110001"
626,"int4: 1001110010, int8: 1001110010, fp16: 0000001001110010"
627,"int4: 1001110011, int8: 1001110011, fp16: 0000001001110011"
628,"int4: 1001110100, int8: 1001110100, fp16: 0000001001110100"
629,"int4: 1001110101, int8: 1001110101, fp16: 0000001001110101"
630,"int4: 1001110110, int8: 1001110110, fp16: 0000001001110110"
631,"int4: 1001110111, int8: 1001110111, fp16: 0000001001110111"
632,"int4: 1001111000, int8: 1001111000, fp16: 0000001001111000"
633,"int4: 1001111001, int8: 1001111001, fp16: 0000001001111001"
634,"int4: 1001111010, int8: 1001111010, fp16: 0000001001111010"
635,"int4: 1001111011, int8: 1001111011, fp16: 0000001001111011"
636,"int4: 1001111100, int8: 1001111100, fp16: 0000001001111100"
637,"int4: 1001111101, int8: 1001111101, fp16: 0000001001111101"
638,"int4: 1001111110, int8: 1001111110, fp16: 0000001001111110"
639,"int4: 1001111111, int8: 1001111111, fp16: 0000001001111111"
640,"int4: 1010000000, int8: 1010000000, fp16: 0000001010000000"
641,"int4: 1010000001, int8: 1010000001, fp16: 0000001010000001"
642,"int4: 1010000010, int8: 1010000010, fp16: 0000001010000010"
643,"int4: 1010000011, int8: 1010000011, fp16: 0000001010000011"
644,"int4: 1010000100, int8: 1010000100, fp16: 0000001010000100"
645,"int4: 1010000101, int8: 1010000101, fp16: 0000001010000101"
646,"int4: 1010000110, int8: 1010000110, fp16: 0000001010000110"
647,"int4: 1010000111, int8: 1010000111, fp16: 0000001010000111"
648,"int4: 1010001000, int8: 1010001000, fp16: 0000001010001000"
649,"int4: 1010001001, int8: 1010001001, fp16: 0000001010001001"
650,"int4: 1010001010, int8: 1010001010, fp16: 0000001010001010"
651,"int4: 1010001011, int8: 1010001011, fp16: 0000001010001011"
652,"int4: 1010001100, int8: 1010001100, fp16: 0000001010001100"
653,"int4: 1010001101, int8: 1010001101, fp16: 0000001010001101"
654,"int4: 1010001110, int8: 1010001110, fp16: 0000001010001110"
655,"int4: 1010001111, int8: 1010001111, fp16: 0000001010001111"
656,"int4: 1010010000, int8: 1010010000, fp16: 0000001010010000"
657,"int4: 1010010001, int8: 1010010001, fp16: 0000001010010001"
658,"int4: 1010010010, int8: 1010010010, fp16: 0000001010010010"
659,"int4: 1010010011, int8: 1010010011, fp16: 0000001010010011"
660,"int4: 1010010100, int8: 1010010100, fp16: 0000001010010100"
661,"int4: 1010010101, int8: 1010010101, fp16: 0000001010010101"
662,"int4: 1010010110, int8: 1010010110, fp16: 0000001010010110"
663,"int4: 1010010111, int8: 1010010111, fp16: 0000001010010111"
664,"int4: 1010011000, int8: 1010011000, fp16: 0000001010011000"
665,"int4: 1010011001, int8: 1010011001, fp16: 0000001010011001"
666,"int4: 1010011010, int8: 1010011010, fp16: 0000001010011010"
667,"int4: 1010011011, int8: 1010011011, fp16: 0000001010011011"
668,"int4: 1010011100, int8: 1010011100, fp16: 0000001010011100"
669,"int4: 1010011101, int8: 1010011101, fp16: 0000001010011101"
670,"int4: 1010011110, int8: 1010011110, fp16: 0000001010011110"
671,"int4: 1010011111, int8: 1010011111, fp16: 0000001010011111"
672,"int4: 1010100000, int8: 1010100000, fp16: 0000001010100000"
673,"int4: 1010100001, int8: 1010100001, fp16: 0000001010100001"
674,"int4: 1010100010, int8: 1010100010, fp16: 0000001010100010"
675,"int4: 1010100011, int8: 1010100011, fp16: 0000001010100011"
676,"int4: 1010100100, int8: 1010100100, fp16: 0000001010100100"
677,"int4: 1010100101, int8: 1010100101, fp16: 0000001010100101"
678,"int4: 1010100110, int8: 1010100110, fp16: 0000001010100110"
679,"int4: 1010100111, int8: 1010100111, fp16: 0000001010100111"
680,"int4: 1010101000, int8: 1010101000, fp16: 0000001010101000"
681,"int4: 1010101001, int8: 1010101001, fp16: 0000001010101001"
682,"int4: 1010101010, int8: 1010101010, fp16: 0000001010101010"
683,"int4: 1010101011, int8: 1010101011, fp16: 0000001010101011"
684,"int4: 1010101100, int8: 1010101100, fp16: 0000001010101100"
685,"int4: 1010101101, int8: 1010101101, fp16: 0000001010101101"
686,"int4: 1010101110, int8: 1010101110, fp16: 0000001010101110"
687,"int4: 1010101111, int8: 1010101111, fp16: 0000001010101111"
688,"int4: 1010110000, int8: 1010110000, fp16: 0000001010110000"
689,"int4: 1010110001, int8: 1010110001, fp16: 0000001010110001"
690,"int4: 1010110010, int8: 1010110010, fp16: 0000001010110010"
691,"int4: 1010110011, int8: 1010110011, fp16: 0000001010110011"
692,"int4: 1010110100, int8: 1010110100, fp16: 0000001010110100"
693,"int4: 1010110101, int8: 1010110101, fp16: 0000001010110101"
694,"int4: 1010110110, int8: 1010110110, fp16: 0000001010110110"
695,"int4: 1010110111, int8: 1010110111, fp16: 0000001010110111"
696,"int4: 1010111000, int8: 1010111000, fp16: 0000001010111000"
697,"int4: 1010111001, int8: 1010111001, fp16: 0000001010111001"
698,"int4: 1010111010, int8: 1010111010, fp16: 0000001010111010"
699,"int4: 1010111011, int8: 1010111011, fp16: 0000001010111011"
700,"int4: 1010111100, int8: 1010111100, fp16: 0000001010111100"
701,"int4: 1010111101, int8: 1010111101, fp16: 0000001010111101"
702,"int4: 1010111110, int8: 1010111110, fp16: 0000001010111110"
703,"int4: 1010111111, int8: 1010111111, fp16: 0000001010111111"
704,"int4: 1011000000, int8: 1011000000, fp16: 0000001011000000"
705,"int4: 1011000001, int8: 1011000001, fp16: 0000001011000001"
706,"int4: 1011000010, int8: 1011000010, fp16: 0000001011000010"
707,"int4: 1011000011, int8: 1011000011, fp16: 0000001011000011"
708,"int4: 1011000100, int8: 1011000100, fp16: 0000001011000100"
709,"int4: 1011000101, int8: 1011000101, fp16: 0000001011000101"
710,"int4: 1011000110, int8: 1011000110, fp16: 0000001011000110"
711,"int4: 1011000111, int8: 1011000111, fp16: 0000001011000111"
712,"int4: 1011001000, int8: 1011001000, fp16: 0000001011001000"
713,"int4: 1011001001, int8: 1011001001, fp16: 0000001011001001"
714,"int4: 1011001010, int8: 1011001010, fp16: 0000001011001010"
715,"int4: 1011001011, int8: 1011001011, fp16: 0000001011001011"
716,"int4: 1011001100, int8: 1011001100, fp16: 0000001011001100"
717,"int4: 1011001101, int8: 1011001101, fp16: 0000001011001101"
718,"int4: 1011001110, int8: 1011001110, fp16: 0000001011001110"
719,"int4: 1011001111, int8: 1011001111, fp16: 0000001011001111"
720,"int4: 1011010000, int8: 1011010000, fp16: 0000001011010000"
721,"int4: 1011010001, int8: 1011010001, fp16: 0000001011010001"
722,"int4: 1011010010, int8: 1011010010, fp16: 0000001011010010"
723,"int4: 1011010011, int8: 1011010011, fp16: 0000001011010011"
724,"int4: 1011010100, int8: 1011010100, fp16: 0000001011010100"
725,"int4: 1011010101, int8: 1011010101, fp16: 0000001011010101"
726,"int4: 1011010110, int8: 1011010110, fp16: 0000001011010110"
727,"int4: 1011010111, int8: 1011010111, fp16: 0000001011010111"
728,"int4: 1011011000, int8: 1011011000, fp16: 0000001011011000"
729,"int4: 1011011001, int8: 1011011001, fp16: 0000001011011001"
730,"int4: 1011011010, int8: 1011011010, fp16: 0000001011011010"
731,"int4: 1011011011, int8: 1011011011, fp16: 0000001011011011"
732,"int4: 1011011100, int8: 1011011100, fp16: 0000001011011100"
733,"int4: 1011011101, int8: 1011011101, fp16: 0000001011011101"
734,"int4: 1011011110, int8: 1011011110, fp16: 0000001011011110"
735,"int4: 1011011111, int8: 1011011111, fp16: 0000001011011111"
736,"int4: 1011100000, int8: 1011100000, fp16: 0000001011100000"
737,"int4: 1011100001, int8: 1011100001, fp16: 0000001011100001"
738,"int4: 1011100010, int8: 1011100010, fp16: 0000001011100010"
739,"int4: 1011100011, int8: 1011100011, fp16: 0000001011100011"
740,"int4: 1011100100, int8: 1011100100, fp16: 0000001011100100"
741,"int4: 1011100101, int8: 1011100101, fp16: 0000001011100101"
742,"int4: 1011100110, int8: 1011100110, fp16: 0000001011100110"
743,"int4: 1011100111, int8: 1011100111, fp16: 0000001011100111"
744,"int4: 1011101000, int8: 1011101000, fp16: 0000001011101000"
745,"int4: 1011101001, int8: 1011101001, fp16: 0000001011101001"
746,"int4: 1011101010, int8: 1011101010, fp16: 0000001011101010"
747,"int4: 1011101011, int8: 1011101011, fp16: 0000001011101011"
748,"int4: 1011101100, int8: 1011101100, fp16: 0000001011101100"
749,"int4: 1011101101, int8: 1011101101, fp16: 0000001011101101"
750,"int4: 1011101110, int8: 1011101110, fp16: 0000001011101110"
751,"int4: 1011101111, int8: 1011101111, fp16: 0000001011101111"
752,"int4: 1011110000, int8: 1011110000, fp16: 0000001011110000"
753,"int4: 1011110001, int8: 1011110001, fp16: 0000001011110001"
754,"int4: 1011110010, int8: 1011110010, fp16: 0000001011110010"
755,"int4: 1011110011, int8: 1011110011, fp16: 0000001011110011"
756,"int4: 1011110100, int8: 1011110100, fp16: 0000001011110100"
757,"int4: 1011110101, int8: 1011110101, fp16: 0000001011110101"
758,"int4: 1011110110, int8: 1011110110, fp16: 0000001011110110"
759,"int4: 1011110111, int8: 1011110111, fp16: 0000001011110111"
760,"int4: 1011111000, int8: 1011111000, fp16: 0000001011111000"
761,"int4: 1011111001, int8: 1011111001, fp16: 0000001011111001"
762,"int4: 1011111010, int8: 1011111010, fp16: 0000001011111010"
763,"int4: 1011111011, int8: 1011111011, fp16: 0000001011111011"
764,"int4: 1011111100, int8: 1011111100, fp16: 0000001011111100"
765,"int4: 1011111101, int8: 1011111101, fp16: 0000001011111101"
766,"int4: 1011111110, int8: 1011111110, fp16: 0000001011111110"
767,"int4: 1011111111, int8: 1011111111, fp16: 0000001011111111"
768,"int4: 1100000000, int8: 1100000000, fp16: 0000001100000000"
769,"int4: 1100000001, int8: 1100000001, fp16: 0000001100000001"
770,"int4: 1100000010, int8: 1100000010, fp16: 0000001100000010"
771,"int4: 1100000011, int8: 1100000011, fp16: 0000001100000011"
772,"int4: 1100000100, int8: 1100000100, fp16: 0000001100000100"
773,"int4: 1100000101, int8: 1100000101, fp16: 0000001100000101"
774,"int4: 1100000110, int8: 1100000110, fp16: 0000001100000110"
775,"int4: 1100000111, int8: 1100000111, fp16: 0000001100000111"
776,"int4: 1100001000, int8: 1100001000, fp16: 0000001100001000"
777,"int4: 1100001001, int8: 1100001001, fp16: 0000001100001001"
778,"int4: 1100001010, int8: 1100001010, fp16: 0000001100001010"
779,"int4: 1100001011, int8: 1100001011, fp16: 0000001100001011"
780,"int4: 1100001100, int8: 1100001100, fp16: 0000001100001100"
781,"int4: 1100001101, int8: 1100001101, fp16: 0000001100001101"
782,"int4: 1100001110, int8: 1100001110, fp16: 0000001100001110"
783,"int4: 1100001111, int8: 1100001111, fp16: 0000001100001111"
784,"int4: 1100010000, int8: 1100010000, fp16: 0000001100010000"
785,"int4: 1100010001, int8: 1100010001, fp16: 0000001100010001"
786,"int4: 1100010010, int8: 1100010010, fp16: 0000001100010010"
787,"int4: 1100010011, int8: 1100010011, fp16: 0000001100010011"
788,"int4: 1100010100, int8: 1100010100, fp16: 0000001100010100"
789,"int4: 1100010101, int8: 1100010101, fp16: 0000001100010101"
790,"int4: 1100010110, int8: 1100010110, fp16: 0000001100010110"
791,"int4: 1100010111, int8: 1100010111, fp16: 0000001100010111"
792,"int4: 1100011000, int8: 1100011000, fp16: 0000001100011000"
793,"int4: 1100011001, int8: 1100011001, fp16: 0000001100011001"
794,"int4: 1100011010, int8: 1100011010, fp16: 0000001100011010"
795,"int4: 1100011011, int8: 1100011011, fp16: 0000001100011011"
796,"int4: 1100011100, int8: 1100011100, fp16: 0000001100011100"
797,"int4: 1100011101, int8: 1100011101, fp16: 0000001100011101"
798,"int4: 1100011110, int8: 1100011110, fp16: 0000001100011110"
799,"int4: 1100011111, int8: 1100011111, fp16: 0000001100011111"
800,"int4: 1100100000, int8: 1100100000, fp16: 0000001100100000"
801,"int4: 1100100001, int8: 1100100001, fp16: 0000001100100001"
802,"int4: 1100100010, int8: 1100100010, fp16: 0000001100100010"
803,"int4: 1100100011, int8: 1100100011, fp16: 0000001100100011"
804,"int4: 1100100100, int8: 1100100100, fp16: 0000001100100100"
805,"int4: 1100100101, int8: 1100100101, fp16: 0000001100100101"
806,"int4: 1100100110, int8: 1100100110, fp16: 0000001100100110"
807,"int4: 1100100111, int8: 1100100111, fp16: 0000001100100111"
808,"int4: 1100101000, int8: 1100101000, fp16: 0000001100101000"
809,"int4: 1100101001, int8: 1100101001, fp16: 0000001100101001"
810,"int4: 1100101010, int8: 1100101010, fp16: 0000001100101010"
811,"int4: 1100101011, int8: 1100101011, fp16: 0000001100101011"
812,"int4: 1100101100, int8: 1100101100, fp16: 0000001100101100"
813,"int4: 1100101101, int8: 1100101101, fp16: 0000001100101101"
814,"int4: 1100101110, int8: 1100101110, fp16: 0000001100101110"
815,"int4: 1100101111, int8: 1100101111, fp16: 0000001100101111"
816,"int4: 1100110000, int8: 1100110000, fp16: 0000001100110000"
817,"int4: 1100110001, int8: 1100110001, fp16: 0000001100110001"
818,"int4: 1100110010, int8: 1100110010, fp16: 0000001100110010"
819,"int4: 1100110011, int8: 1100110011, fp16: 0000001100110011"
820,"int4: 1100110100, int8: 1100110100, fp16: 0000001100110100"
821,"int4: 1100110101, int8: 1100110101, fp16: 0000001100110101"
822,"int4: 1100110110, int8: 1100110110, fp16: 0000001100110110"
823,"int4: 1100110111, int8: 1100110111, fp16: 0000001100110111"
824,"int4: 1100111000, int8: 1100111000, fp16: 0000001100111000"
825,"int4: 1100111001, int8: 1100111001, fp16: 0000001100111001"
826,"int4: 1100111010, int8: 1100111010, fp16: 0000001100111010"
827,"int4: 1100111011, int8: 1100111011, fp16: 0000001100111011"
828,"int4: 1100111100, int8: 1100111100, fp16: 0000001100111100"
829,"int4: 1100111101, int8: 1100111101, fp16: 0000001100111101"
830,"int4: 1100111110, int8: 1100111110, fp16: 0000001100111110"
831,"int4: 1100111111, int8: 1100111111, fp16: 0000001100111111"
832,"int4: 1101000000, int8: 1101000000, fp16: 0000001101000000"
833,"int4: 1101000001, int8: 1101000001, fp16: 0000001101000001"
834,"int4: 1101000010, int8: 1101000010, fp16: 0000001101000010"
835,"int4: 1101000011, int8: 1101000011, fp16: 0000001101000011"
836,"int4: 1101000100, int8: 1101000100, fp16: 0000001101000100"
837,"int4: 1101000101, int8: 1101000101, fp16: 0000001101000101"
838,"int4: 1101000110, int8: 1101000110, fp16: 0000001101000110"
839,"int4: 1101000111, int8: 1101000111, fp16: 0000001101000111"
840,"int4: 1101001000, int8: 1101001000, fp16: 0000001101001000"
841,"int4: 1101001001, int8: 1101001001, fp16: 0000001101001001"
842,"int4: 1101001010, int8: 1101001010, fp16: 0000001101001010"
843,"int4: 1101001011, int8: 1101001011, fp16: 0000001101001011"
844,"int4: 1101001100, int8: 1101001100, fp16: 0000001101001100"
845,"int4: 1101001101, int8: 1101001101, fp16: 0000001101001101"
846,"int4: 1101001110, int8: 1101001110, fp16: 0000001101001110"
847,"int4: 1101001111, int8: 1101001111, fp16: 0000001101001111"
848,"int4: 1101010000, int8: 1101010000, fp16: 0000001101010000"
849,"int4: 1101010001, int8: 1101010001, fp16: 0000001101010001"
850,"int4: 1101010010, int8: 1101010010, fp16: 0000001101010010"
851,"int4: 1101010011, int8: 1101010011, fp16: 0000001101010011"
852,"int4: 1101010100, int8: 1101010100, fp16: 0000001101010100"
853,"int4: 1101010101, int8: 1101010101, fp16: 0000001101010101"
854,"int4: 1101010110, int8: 1101010110, fp16: 0000001101010110"
855,"int4: 1101010111, int8: 1101010111, fp16: 0000001101010111"
856,"int4: 1101011000, int8: 1101011000, fp16: 0000001101011000"
857,"int4: 1101011001, int8: 1101011001, fp16: 0000001101011001"
858,"int4: 1101011010, int8: 1101011010, fp16: 0000001101011010"
859,"int4: 1101011011, int8: 1101011011, fp16: 0000001101011011"
860,"int4: 1101011100, int8: 1101011100, fp16: 0000001101011100"
861,"int4: 1101011101, int8: 1101011101, fp16: 0000001101011101"
862,"int4: 1101011110, int8: 1101011110, fp16: 0000001101011110"
863,"int4: 1101011111, int8: 1101011111, fp16: 0000001101011111"
864,"int4: 1101100000, int8: 1101100000, fp16: 0000001101100000"
865,"int4: 1101100001, int8: 1101100001, fp16: 0000001101100001"
866,"int4: 1101100010, int8: 1101100010, fp16: 0000001101100010"
867,"int4: 1101100011, int8: 1101100011, fp16: 0000001101100011"
868,"int4: 1101100100, int8: 1101100100, fp16: 0000001101100100"
869,"int4: 1101100101, int8: 1101100101, fp16: 0000001101100101"
870,"int4: 1101100110, int8: 1101100110, fp16: 0000001101100110"
871,"int4: 1101100111, int8: 1101100111, fp16: 0000001101100111"
872,"int4: 1101101000, int8: 1101101000, fp16: 0000001101101000"
873,"int4: 1101101001, int8: 1101101001, fp16: 0000001101101001"
874,"int4: 1101101010, int8: 1101101010, fp16: 0000001101101010"
875,"int4: 1101101011, int8: 1101101011, fp16: 0000001101101011"
876,"int4: 1101101100, int8: 1101101100, fp16: 0000001101101100"
877,"int4: 1101101101, int8: 1101101101, fp16: 0000001101101101"
878,"int4: 1101101110, int8: 1101101110, fp16: 0000001101101110"
879,"int4: 1101101111, int8: 1101101111, fp16: 0000001101101111"
880,"int4: 1101110000, int8: 1101110000, fp16: 0000001101110000"
881,"int4: 1101110001, int8: 1101110001, fp16: 0000001101110001"
882,"int4: 1101110010, int8: 1101110010, fp16: 0000001101110010"
883,"int4: 1101110011, int8: 1101110011, fp16: 0000001101110011"
884,"int4: 1101110100, int8: 1101110100, fp16: 0000001101110100"
885,"int4: 1101110101, int8: 1101110101, fp16: 0000001101110101"
886,"int4: 1101110110, int8: 1101110110, fp16: 0000001101110110"
887,"int4: 1101110111, int8: 1101110111, fp16: 0000001101110111"
888,"int4: 1101111000, int8: 1101111000, fp16: 0000001101111000"
889,"int4: 1101111001, int8: 1101111001, fp16: 0000001101111001"
890,"int4: 1101111010, int8: 1101111010, fp16: 0000001101111010"
891,"int4: 1101111011, int8: 1101111011, fp16: 0000001101111011"
892,"int4: 1101111100, int8: 1101111100, fp16: 0000001101111100"
893,"int4: 1101111101, int8: 1101111101, fp16: 0000001101111101"
894,"int4: 1101111110, int8: 1101111110, fp16: 0000001101111110"
895,"int4: 1101111111, int8: 1101111111, fp16: 0000001101111111"
896,"int4: 1110000000, int8: 1110000000, fp16: 0000001110000000"
897,"int4: 1110000001, int8: 1110000001, fp16: 0000001110000001"
898,"int4: 1110000010, int8: 1110000010, fp16: 0000001110000010"
899,"int4: 1110000011, int8: 1110000011, fp16: 0000001110000011"
900,"int4: 1110000100, int8: 1110000100, fp16: 0000001110000100"
901,"int4: 1110000101, int8: 1110000101, fp16: 0000001110000101"
902,"int4: 1110000110, int8: 1110000110, fp16: 0000001110000110"
903,"int4: 1110000111, int8: 1110000111, fp16: 0000001110000111"
904,"int4: 1110001000, int8: 1110001000, fp16: 0000001110001000"
905,"int4: 1110001001, int8: 1110001001, fp16: 0000001110001001"
906,"int4: 1110001010, int8: 1110001010, fp16: 0000001110001010"
907,"int4: 1110001011, int8: 1110001011, fp16: 0000001110001011"
908,"int4: 1110001100, int8: 1110001100, fp16: 0000001110001100"
909,"int4: 1110001101, int8: 1110001101, fp16: 0000001110001101"
910,"int4: 1110001110, int8: 1110001110, fp16: 0000001110001110"
911,"int4: 1110001111, int8: 1110001111, fp16: 0000001110001111"
912,"int4: 1110010000, int8: 1110010000, fp16: 0000001110010000"
913,"int4: 1110010001, int8: 1110010001, fp16: 0000001110010001"
914,"int4: 1110010010, int8: 1110010010, fp16: 0000001110010010"
915,"int4: 1110010011, int8: 1110010011, fp16: 0000001110010011"
916,"int4: 1110010100, int8: 1110010100, fp16: 0000001110010100"
917,"int4: 1110010101, int8: 1110010101, fp16: 0000001110010101"
918,"int4: 1110010110, int8: 1110010110, fp16: 0000001110010110"
919,"int4: 1110010111, int8: 1110010111, fp16: 0000001110010111"
920,"int4: 1110011000, int8: 1110011000, fp16: 0000001110011000"
921,"int4: 1110011001, int8: 1110011001, fp16: 0000001110011001"
922,"int4: 1110011010, int8: 1110011010, fp16: 0000001110011010"
923,"int4: 1110011011, int8: 1110011011, fp16: 0000001110011011"
924,"int4: 1110011100, int8: 1110011100, fp16: 0000001110011100"
925,"int4: 1110011101, int8: 1110011101, fp16: 0000001110011101"
926,"int4: 1110011110, int8: 1110011110, fp16: 0000001110011110"
927,"int4: 1110011111, int8: 1110011111, fp16: 0000001110011111"
928,"int4: 1110100000, int8: 1110100000, fp16: 0000001110100000"
929,"int4: 1110100001, int8: 1110100001, fp16: 0000001110100001"
930,"int4: 1110100010, int8: 1110100010, fp16: 0000001110100010"
931,"int4: 1110100011, int8: 1110100011, fp16: 0000001110100011"
932,"int4: 1110100100, int8: 1110100100, fp16: 0000001110100100"
933,"int4: 1110100101, int8: 1110100101, fp16: 0000001110100101"
934,"int4: 1110100110, int8: 1110100110, fp16: 0000001110100110"
935,"int4: 1110100111, int8: 1110100111, fp16: 0000001110100111"
936,"int4: 1110101000, int8: 1110101000, fp16: 0000001110101000"
937,"int4: 1110101001, int8: 1110101001, fp16: 0000001110101001"
938,"int4: 1110101010, int8: 1110101010, fp16: 0000001110101010"
939,"int4: 1110101011, int8: 1110101011, fp16: 0000001110101011"
940,"int4: 1110101100, int8: 1110101100, fp16: 0000001110101100"
941,"int4: 1110101101, int8: 1110101101, fp16: 0000001110101101"
942,"int4: 1110101110, int8: 1110101110, fp16: 0000001110101110"
943,"int4: 1110101111, int8: 1110101111, fp16: 0000001110101111"
944,"int4: 1110110000, int8: 1110110000, fp16: 0000001110110000"
945,"int4: 1110110001, int8: 1110110001, fp16: 0000001110110001"
946,"int4: 1110110010, int8: 1110110010, fp16: 0000001110110010"
947,"int4: 1110110011, int8: 1110110011, fp16: 0000001110110011"
948,"int4: 1110110100, int8: 1110110100, fp16: 0000001110110100"
949,"int4: 1110110101, int8: 1110110101, fp16: 0000001110110101"
950,"int4: 1110110110, int8: 1110110110, fp16: 0000001110110110"
951,"int4: 1110110111, int8: 1110110111, fp16: 0000001110110111"
952,"int4: 1110111000, int8: 1110111000, fp16: 0000001110111000"
953,"int4: 1110111001, int8: 1110111001, fp16: 0000001110111001"
954,"int4: 1110111010, int8: 1110111010, fp16: 0000001110111010"
955,"int4: 1110111011, int8: 1110111011, fp16: 0000001110111011"
956,"int4: 1110111100, int8: 1110111100, fp16: 0000001110111100"
957,"int4: 1110111101, int8: 1110111101, fp16: 0000001110111101"
958,"int4: 1110111110, int8: 1110111110, fp16: 0000001110111110"
959,"int4: 1110111111, int8: 1110111111, fp16: 0000001110111111"
960,"int4: 1111000000, int8: 1111000000, fp16: 0000001111000000"
961,"int4: 1111000001, int8: 1111000001, fp16: 0000001111000001"
962,"int4: 1111000010, int8: 1111000010, fp16: 0000001111000010"
963,"int4: 1111000011, int8: 1111000011, fp16: 0000001111000011"
964,"int4: 1111000100, int8: 1111000100, fp16: 0000001111000100"
965,"int4: 1111000101, int8: 1111000101, fp16: 0000001111000101"
966,"int4: 1111000110, int8: 1111000110, fp16: 0000001111000110"
967,"int4: 1111000111, int8: 1111000111, fp16: 0000001111000111"
968,"int4: 1111001000, int8: 1111001000, fp16: 0000001111001000"
969,"int4: 1111001001, int8: 1111001001, fp16: 0000001111001001"
970,"int4: 1111001010, int8: 1111001010, fp16: 0000001111001010"
971,"int4: 1111001011, int8: 1111001011, fp16: 0000001111001011"
972,"int4: 1111001100, int8: 1111001100, fp16: 0000001111001100"
973,"int4: 1111001101, int8: 1111001101, fp16: 0000001111001101"
974,"int4: 1111001110, int8: 1111001110, fp16: 0000001111001110"
975,"int4: 1111001111, int8: 1111001111, fp16: 0000001111001111"
976,"int4: 1111010000, int8: 1111010000, fp16: 0000001111010000"
977,"int4: 1111010001, int8: 1111010001, fp16: 0000001111010001"
978,"int4: 1111010010, int8: 1111010010, fp16: 0000001111010010"
979,"int4: 1111010011, int8: 1111010011, fp16: 0000001111010011"
980,"int4: 1111010100, int8: 1111010100, fp16: 0000001111010100"
981,"int4: 1111010101, int8: 1111010101, fp16: 0000001111010101"
982,"int4: 1111010110, int8: 1111010110, fp16: 0000001111010110"
983,"int4: 1111010111, int8: 1111010111, fp16: 0000001111010111"
984,"int4: 1111011000, int8: 1111011000, fp16: 0000001111011000"
985,"int4: 1111011001, int8: 1111011001, fp16: 0000001111011001"
986,"int4: 1111011010, int8: 1111011010, fp16: 0000001111011010"
987,"int4: 1111011011, int8: 1111011011, fp16: 0000001111011011"
988,"int4: 1111011100, int8: 1111011100, fp16: 0000001111011100"
989,"int4: 1111011101, int8: 1111011101, fp16: 0000001111011101"
990,"int4: 1111011110, int8: 1111011110, fp16: 0000001111011110"
991,"int4: 1111011111, int8: 1111011111, fp16: 0000001111011111"
992,"int4: 1111100000, int8: 1111100000, fp16: 0000001111100000"
993,"int4: 1111100001, int8: 1111100001, fp16: 0000001111100001"
994,"int4: 1111100010, int8: 1111100010, fp16: 0000001111100010"
995,"int4: 1111100011, int8: 1111100011, fp16: 0000001111100011"
996,"int4: 1111100100, int8: 1111100100, fp16: 0000001111100100"
997,"int4: 1111100101, int8: 1111100101, fp16: 0000001111100101"
998,"int4: 1111100110, int8: 1111100110, fp16: 0000001111100110"
999,"int4: 1111100111, int8: 1111100111, fp16: 0000001111100111"
1000,"int4: 1111101000, int8: 1111101000, fp16: 0000001111101000"
